{
"index_ts_low_high_norm": [0.8458571162020702, 0.8031491405721413, 0.670466706747065, 0.5688363691592518, 0.7279204512178842, 0.6731301998817977, 0.8442170828145087, 0.7735626427473012, 0.6091735426759233, 0.5614980992228318, 0.6392710329108855, 0.8735367911913863, 0.7626199919780412, 0.7107550371717798, 0.8716412729238361, 0.9603156545080817, 0.8826954789282868, 0.785898101649725, 0.5427020607048226, 0.5813063014369223, 0.5405536519618592, 0.7272994582073475, 0.8414666916981677, 0.8077910328590804, 0.7246356089963032, 0.7500710252158528, 0.6485472854988377, 0.6538710797586061, 0.7025240333080435, 0.8536717816856693, 0.8331872338062559, 0.7818423747681045, 0.8895652365034309, 0.9086681947389273, 0.9195494741481334, 0.8901535806076912, 0.9851816181210435, 0.8356998122061239, 0.711128615028895, 0.6905748387125734, 0.6567466206393193, 0.4797694392559013, 0.4980444217367784, 0.5577815767199464, 0.34013601303367225, 0.4365490448380534, 0.29430792578979753, 0.14270805153620802, 0.21525457784046306, 0.11228196708308666, 0.060697000775934755, 0.17438540946590175, 0.05471943973181062, 0.2175317118763612, 0.27570983106881214, 0.18164011998918422, 0.23982027200234957, 0.2219020123011296, 0.579983304106868, 0.2673880985337295], 
"corr_30": -0.0033008507145395674, 
"corr_60": 0.062492497611945474, 
"open_pos": 0.5235522110121233, 
"close_pos": 0.9734307701156857, 
"body_to_range": 0.44987855910356234, 
"direction": 1.0, 
"index_open_pos": 0.8255202947796119, 
"index_close_pos": 0.2673880985337295, 
"index_body_to_range": 0.5581321962458823, 
"index_direction": -1.0, 
"ts_low_high_norm": [null, null, null, null, null, null, null, null, null, null, null, null, null, null, null, null, null, null, null, null, null, null, null, null, null, null, null, null, null, null, null, null, null, null, null, null, null, null, 0.8566286175935947, null, null, null, null, null, null, null, null, null, null, null, null, null, null, null, null, null, null, null, null, null]
}